id, additionalDetails, descriptionId
1,Illo saepe laboriosam labore recusandae in perferendis quisquam. Quo qui laborum omnis laudantium quia. Quaerat rem doloribus rem optio amet provident non expedita quisquam. Dolorem ipsam et quod placeat maxime. Ut at sunt consectetur cupiditate saepe. Saepe perspiciatis impedit sit ut aliquam.,100
2,Expedita in quis tempore aut. Eum voluptates blanditiis qui ad sunt est. A repudiandae velit. Distinctio illum asperiores aliquam odio mollitia maiores eos omnis est. Ut error ipsam ratione maiores. Repellat magnam ut ea nihil.,101
3,Est harum asperiores cumque animi libero eum. Libero aperiam et modi fuga sequi qui repellendus voluptas. Excepturi rerum sit id. Numquam ipsam eos sapiente officia et. Mollitia eius numquam mollitia architecto.,102
4,Qui aliquam maxime sunt. Consequatur eveniet neque sit aliquid. Fugiat accusantium voluptas nobis vero sit.,103
5,A ea occaecati architecto quasi laudantium vel et voluptas. Aut quia omnis non sit alias est. Voluptatem officiis enim eaque quam voluptatem placeat laborum eum ea. Quidem ut rerum placeat reiciendis perferendis aut quaerat. Velit ab assumenda veniam minus minima debitis nihil at.,104
6,Quia et nemo. Ratione aut aut aliquid adipisci et natus. Quia et dicta veniam laboriosam quo. Accusamus sit molestiae dolor. Vero dolore fugiat ea reiciendis earum.,105
7,Doloribus autem autem hic est nihil autem optio magni. Ut veniam ut. Repudiandae dignissimos officia fuga sunt fuga est eos accusantium.,106
8,Consequatur et distinctio dicta eos id. Atque non harum ullam neque. Neque exercitationem rem at. Autem sit ad et pariatur.,107
9,Velit nulla et. Et in rem inventore aut corrupti tempore voluptatem. Itaque sit doloremque animi velit nobis et. Vitae inventore officiis.,108
10,Aspernatur magnam dolor fugiat qui architecto voluptas et. Quidem illum fuga accusamus. Amet qui delectus accusantium consequatur qui. Sunt dolores quo sunt ad doloribus assumenda qui. Nobis nostrum est omnis repellendus quia eligendi repellendus repellendus expedita. Nisi et velit porro laborum atque adipisci reiciendis dolore deleniti.,109
11,Iste quibusdam quia ut facere. Earum facere itaque id architecto. Cumque tenetur beatae quia maxime deserunt. Architecto deleniti velit voluptatem minus officia omnis ducimus quo non. Vero et voluptas ut est rerum repudiandae. Qui dicta voluptatibus sed perspiciatis dolor delectus dolorem.,110
12,Sed veniam expedita molestiae enim pariatur inventore quia. Ut eos porro asperiores rerum. Perferendis dolorem corporis qui et consequatur illo quas modi. Voluptates numquam ad cumque deleniti incidunt debitis aperiam architecto. Dolor sed sed minima quo necessitatibus laboriosam. Nihil aut dolores laudantium.,111
13,Harum adipisci vero. Eveniet ut ad natus minima sed error nisi qui perferendis. Dolores accusamus quia totam sed dolorum perferendis fugiat. Ipsa rerum est voluptate. Nulla doloribus laudantium laborum labore incidunt eligendi blanditiis. Incidunt vero non incidunt quia consequatur.,112
14,Minima tempore totam voluptas quisquam qui similique pariatur voluptates. Possimus porro deserunt modi animi expedita quibusdam modi neque vero. Qui velit dolore ut. Labore aliquam aspernatur aut ipsa non id qui minima assumenda.,113
15,Libero debitis non. Accusamus veniam vel tempore voluptates hic beatae eveniet aliquam. Quia dignissimos nostrum eius provident voluptatem earum qui quisquam. Voluptas iusto commodi iure sed officiis maiores dolores. Veritatis corrupti qui sed sapiente quia facere omnis aut.,114
16,Consequatur quis velit fugit inventore ut consequatur. Dolorem tempore maiores suscipit voluptatem praesentium consequatur. Dolores quia voluptate nihil aliquam. Quos aut quis nam sint sunt quo facilis blanditiis.,115
17,Est incidunt quasi ipsa. Et quae alias nesciunt aut autem earum aperiam eaque. Laboriosam sed ullam consequatur rem ea est nisi. Rerum aliquam eos. Veniam ipsum molestiae reiciendis quidem est voluptate et odio.,116
18,Non maiores ut officiis quasi. Soluta voluptates omnis aut aliquid adipisci exercitationem quo commodi. Aut qui et ratione enim asperiores deleniti sint dolores. Quasi beatae sit et vel quis molestias soluta. Eaque est sit quisquam assumenda. Et et aspernatur officia omnis exercitationem non.,117
19,Est nostrum modi sit. Dolorum dignissimos maxime id porro corporis quis laboriosam. Consequatur rerum aliquid ut rem necessitatibus possimus et. Ea aut quasi aspernatur asperiores quasi cupiditate. Sapiente tempora sunt sint sint voluptatem et ipsum officia ducimus.,118
20,Aut laudantium dicta. Consectetur libero qui et sequi. Blanditiis et aperiam itaque sapiente assumenda iure hic voluptates rerum.,119
21,Est animi rerum sit. A eos quaerat dolorum. Ut ducimus tenetur impedit sequi asperiores quo corrupti. Saepe adipisci ipsam sunt quam enim molestiae neque beatae. Veniam eos ut dolorum repudiandae eaque illum.,120
22,Nulla officiis sed aut earum officiis suscipit sed atque cupiditate. At corporis dicta illo in cupiditate. Tempora eligendi repudiandae et aut voluptates. Rerum aut facilis iste consequatur neque nobis optio nemo.,121
23,Sequi consequatur quae dolor et. Qui aspernatur dolorem. Vero dolores aliquam enim nesciunt. Dolorum nesciunt aliquam ipsam. Optio corporis non est.,122
24,Aperiam voluptas qui nam aspernatur. Voluptatibus voluptate cum nemo deleniti. Nesciunt non fuga nam.,123
25,Sit et veniam facilis eum soluta itaque totam. Tempore quis vel. Minima eum voluptas autem optio commodi molestiae quia. Voluptas ratione dolores repellendus molestiae.,124
26,Ea qui quisquam et quia consequatur et inventore incidunt ipsam. Consequatur aliquid minus. Consequatur possimus veniam et. Molestiae modi ex dolores.,125
27,Sint dolorum sint accusantium ut totam omnis. Dolor voluptatibus in et dolores ipsum. Quaerat deleniti quia in cum eum.,126
28,Quasi dicta asperiores sit numquam possimus dicta. Omnis sed aliquid. Aut velit libero atque earum quod aliquid inventore. Ut ut asperiores est iste quisquam quae est. Necessitatibus impedit deleniti commodi officiis hic aliquid modi. Cupiditate vero rerum ipsa in.,127
29,Et ut quo impedit inventore facilis. Nemo deserunt assumenda necessitatibus inventore voluptatem eveniet. Voluptatum unde nobis totam esse odit voluptas sed. Beatae inventore rerum voluptas sunt autem eligendi ipsam culpa.,128
30,Est non fugit ea assumenda ipsam aut nemo doloribus. Impedit unde quaerat sint et est. Enim nisi veritatis occaecati et ut animi consequatur exercitationem occaecati. Consequatur rerum recusandae optio. Occaecati iste quia libero accusamus hic inventore amet ipsa omnis. Non dignissimos ut eos veritatis cumque sequi omnis.,129
31,Omnis dolores necessitatibus et doloribus. Cupiditate nihil maxime. Molestiae nulla cumque reprehenderit autem aperiam suscipit dicta et. Laudantium facere libero doloribus quas nostrum rerum doloremque pariatur quisquam. Reiciendis deserunt neque. Quibusdam ut a voluptas ex quia voluptatem minima explicabo.,130
32,Sapiente molestiae provident. Commodi ab sequi ipsum quidem ut laudantium. Iusto molestiae dolores veritatis recusandae.,131
33,A molestiae impedit amet non sit voluptatum odio quia quo. Laboriosam repellendus illo. Autem quibusdam quasi. Quia voluptates consequatur provident totam et. Sapiente est autem esse corporis sit et amet est. Fugiat tenetur harum odit laudantium eaque nulla quo.,132
34,Nihil similique ea fuga rerum magnam itaque. At est est non. Corrupti voluptates consequatur odit doloremque quis nisi.,133
35,Nam ea saepe officia earum praesentium sint laboriosam incidunt consequuntur. Asperiores eligendi beatae laborum quisquam eaque in harum qui. Quis et voluptates. Nemo saepe deleniti quaerat tempora voluptate quibusdam.,134
36,Aut perspiciatis pariatur. Molestiae molestias necessitatibus quibusdam aut molestias tempore nam. Est quidem aliquam consequatur et sed assumenda. Omnis est vel non voluptas sapiente aut id. Perferendis quo vel cumque accusamus dolores cum.,135
37,Ad dicta deleniti. Rem eius pariatur id voluptate omnis nihil qui. In qui sit blanditiis. Omnis et fugit odit. Aut porro quo incidunt eos. Distinctio vel impedit sunt.,136
38,Tempore et ullam quos ut a nisi qui atque occaecati. Labore aut repudiandae sit est minus necessitatibus non consectetur fugiat. Voluptatum a et sapiente ratione quisquam consequatur expedita tempora non.,137
39,Sed dolores accusamus in dicta beatae. Dolores placeat iusto est. Autem quis doloremque molestiae a ut at est. Necessitatibus voluptatem reiciendis consequatur qui. Totam quidem quas sint veniam repellat dolores inventore sit nihil.,138
40,Et dolor cumque quisquam quis accusamus quisquam voluptatem quas culpa. Laborum iste cumque. Error velit non placeat veritatis voluptatibus veritatis repellendus quod porro. Ab omnis omnis nesciunt velit et exercitationem esse. Quo error earum eaque incidunt est. Maxime eaque rerum eum tempora praesentium.,139
41,Molestias quam aut eum. Magni quisquam natus et harum repellat accusamus harum. Autem ea nisi et voluptas voluptas excepturi quos. Sed rerum aut temporibus enim qui voluptas error aliquid. Omnis nihil aut cum.,140
42,Voluptatem quidem dolorem aut debitis dicta. Corporis dolor reprehenderit culpa doloribus. Et est veritatis tempore est excepturi. Aut ut tempora. Voluptatem suscipit qui. A officia iusto ducimus sapiente nam magni nemo.,141
43,Consectetur aliquam deleniti consequatur corporis maxime consectetur. Similique incidunt et sapiente est modi aut culpa. Aut soluta qui. Dignissimos vitae aut quae voluptatibus nemo. Ex impedit in nam. Quia id repellat.,142
44,Necessitatibus atque dignissimos autem. Possimus at similique qui delectus doloribus qui. Eum atque officia nihil possimus.,143
45,Omnis facere dignissimos et esse illo asperiores repellendus aut perspiciatis. Facere odit dolor in. Voluptatum perspiciatis velit aliquid veniam eos voluptate culpa incidunt qui. Et quasi ratione sed consequatur laboriosam beatae consequuntur dolore sit.,144
46,Voluptas perferendis qui. Quos pariatur incidunt consequuntur reiciendis incidunt et doloremque dicta et. Animi voluptatem suscipit sit sed sit alias. Eveniet ipsum et quia vero beatae aut recusandae. Asperiores amet quia ut qui accusantium mollitia.,145
47,Ut cupiditate accusantium cum possimus velit rerum. Quasi sed quam similique maxime esse iure est. Autem inventore dolorem voluptate. Minus sed dolor earum vero.,146
48,Ut soluta sunt corporis. Consectetur inventore occaecati rerum non exercitationem. Sit praesentium nam et.,147
49,Numquam occaecati quia repellat mollitia nemo ab voluptatem. Omnis ea voluptate autem eum accusamus occaecati voluptatum. Nesciunt saepe laboriosam dolor ducimus ad inventore. Aut quaerat asperiores est sunt laborum itaque. Distinctio deserunt vel alias. Quaerat et et accusantium expedita minus.,148
50,Nisi quidem alias reprehenderit laudantium nihil. Quaerat aut alias exercitationem. Sint magni doloribus unde et quisquam occaecati fugiat aperiam est. Voluptatem ipsum velit similique eum velit dolore fuga. Magnam placeat voluptas rerum. Est voluptatem error doloremque vel quasi autem assumenda porro.,149
