id, directions, descriptionId
1,Sit enim in. Quae perspiciatis perferendis assumenda veritatis. Ut qui et ea cupiditate non suscipit. Autem nemo qui vel numquam sit error fugiat quas laudantium. Fugit velit autem adipisci.,100
2,Quia cumque similique dolor explicabo aspernatur odit est qui illo. Laboriosam aut dolorem molestias voluptates. Distinctio debitis qui non nisi ut et quia nemo eos.,101
3,Inventore et est rem sed ipsum repudiandae quam at accusamus. Ut officiis minima repudiandae libero voluptatem amet dolorum. Autem fugiat quia tempore nulla. Voluptatem qui necessitatibus soluta quia et. Inventore perspiciatis distinctio molestiae non id recusandae iusto enim recusandae.,102
4,Numquam quidem id doloremque suscipit quaerat voluptate aut. Facere a provident velit iure est porro et reiciendis. Inventore qui sit quia ad quia rem. Quod ea numquam eum. Amet dolorem quos et sint qui numquam sequi. Unde et consectetur esse sed illo molestiae inventore et.,103
5,Voluptas nostrum non sed id ad quis unde. Hic quia voluptatem minus et. Quas eveniet sed doloribus perferendis aut necessitatibus atque similique dolor. Cupiditate nam iste saepe praesentium enim et labore rem quia. Aut magni nam quam nihil voluptatem cupiditate facilis.,104
6,Consectetur maxime culpa facere et. Saepe iusto et. Dolorem quam autem blanditiis nostrum provident et nihil architecto adipisci.,105
7,Aut minus vitae numquam laboriosam. Enim rerum dolor adipisci nam porro et. Voluptas magni voluptatem soluta mollitia eaque architecto et saepe veritatis. Quidem accusamus iure. Corrupti nulla eos itaque in.,106
8,Ipsam quas fugiat quisquam nulla dolorem eum. Quam et quisquam et soluta maiores accusantium vel doloribus. Est error et. Aperiam laborum voluptatem voluptatibus. In nam nam rerum.,107
9,Illo autem quo praesentium earum omnis aut est est aperiam. Tenetur cum suscipit sed nemo sint rem eum. Accusantium et fugit est aspernatur porro.,108
10,Quidem cumque tempora. Non qui quia qui sunt et. Velit repellat similique quia harum ipsa cupiditate. Officia harum et inventore dolor id. Dolorum labore aut incidunt odio autem voluptas id fugiat reprehenderit. Ex qui quo ipsum itaque harum at autem.,109
11,Perspiciatis perspiciatis voluptatibus blanditiis dolores sit rem ratione eos et. Sequi culpa optio aliquam voluptas quam amet autem sapiente. Voluptatibus et itaque itaque alias voluptatem soluta sed.,110
12,Qui quos est nobis quis neque commodi. Quibusdam velit fugiat at deleniti. Earum esse facilis ipsam aperiam veritatis. Quia quis pariatur animi ea. Tenetur sint aut deleniti.,111
13,Hic voluptatibus perferendis vel voluptatem voluptates quia. Itaque ut adipisci est autem animi incidunt perferendis eos omnis. Velit velit recusandae. Quo pariatur id dolorum consectetur in ex porro. Quis odit et voluptas odit. Qui tempore similique non explicabo.,112
14,Voluptatem et nam sunt. Amet dolorem cumque est. Facere voluptatem rerum itaque unde et. Officia dignissimos provident mollitia veniam et cumque et sunt numquam. Sit exercitationem placeat voluptatum maxime suscipit molestiae perspiciatis beatae. Voluptatum aliquid sunt optio deleniti.,113
15,Quo quaerat dignissimos sit eius fugiat debitis voluptates fuga. Dignissimos iure saepe fugit vero consequatur cupiditate dicta doloribus. Non ullam ullam qui fuga aut est non. Veritatis veritatis sed aspernatur quam nostrum. Enim eligendi eius labore cumque cumque unde. Et ut autem quo quam consequatur harum dicta aut alias.,114
16,Expedita qui debitis nam esse quam esse non laudantium porro. Nulla dolore enim qui omnis modi vitae consequatur. Molestiae dolor magnam velit. Provident quo eum excepturi reiciendis cum adipisci. Inventore sed amet hic. Commodi in at nulla assumenda nulla.,115
17,Nesciunt nihil culpa debitis adipisci voluptatum quo in. Et magnam ullam laborum. Ut vero in similique ut autem ipsum sed aspernatur numquam.,116
18,Sapiente sit similique perferendis et veritatis. Expedita sit ea tenetur porro dolore atque natus porro cum. Pariatur officia eaque voluptates totam dolores. Eius voluptatem et ut dolores hic. Dolore placeat ratione pariatur vitae ad magni. Ut ab maiores excepturi est deleniti qui nostrum recusandae.,117
19,Rerum consequatur consequuntur. Enim est consequatur in voluptas consequatur consequatur provident. Laudantium vitae blanditiis. Repellendus inventore dignissimos minus.,118
20,Temporibus quod error ad. Rem nihil vitae sit perferendis nesciunt asperiores ut harum accusamus. Occaecati itaque repellendus cupiditate porro occaecati quae eos. Labore quos harum aspernatur et neque vitae. Rerum consequuntur alias nam voluptas beatae quod. Autem quam assumenda voluptas est cumque mollitia fuga illo.,119
21,Veniam autem occaecati vero placeat sunt rerum. Eveniet rem quia natus. Doloribus sequi occaecati.,120
22,In ipsam sed mollitia quae quis. Dolorem repellendus id sit. Quidem fugit voluptatem molestiae in. Rem eaque debitis minima fugit. Doloribus enim molestiae qui quibusdam soluta impedit eos dolorem. Et est sunt ab dolores voluptas iusto dolor aut similique.,121
23,Voluptatem aut quam facilis aut eum nam ut. Voluptas consequatur a. Et quos sapiente maiores iusto porro voluptates et deserunt. Cum id optio qui.,122
24,Delectus velit laborum quis aspernatur. Asperiores perspiciatis corrupti ipsa dolorem nihil sed. Iusto doloremque molestiae.,123
25,Consequuntur similique officiis labore voluptas nihil consequatur at. Delectus nemo doloremque vero quaerat earum alias repudiandae suscipit similique. Nemo doloremque accusantium expedita quam.,124
26,Beatae ipsa ut ipsum aspernatur fugiat ad debitis sequi. Quia ipsa et doloremque quod hic. Ut consequatur aliquid rerum iure non sapiente in. Fugiat laudantium quis.,125
27,Culpa autem dolores voluptatem omnis officia. Ipsam iusto aut nemo consectetur. Temporibus maiores ipsum maiores corrupti incidunt eaque corrupti occaecati sed. Nam ut quasi laudantium optio aliquid excepturi occaecati expedita error.,126
28,Minus voluptatum qui officia dolor veritatis. Vitae architecto architecto atque. Sit quibusdam aliquam est omnis ut facere. Omnis beatae voluptatem quis at consectetur ratione.,127
29,Ipsa esse aut nihil dicta eligendi quo. Blanditiis eos excepturi omnis rem eius. Facere quos consequatur aut deserunt recusandae explicabo.,128
30,Vitae dolor explicabo aut quae sunt eligendi et mollitia. Magnam autem aut vero. Et et voluptatem nulla animi vel facilis minus culpa sed. Rerum et voluptatum qui exercitationem autem. Eaque non suscipit omnis et in consequatur consequatur. Consequatur et ea doloribus at error ut aut.,129
31,Et eligendi magnam id. Id quo recusandae voluptas architecto reprehenderit enim magnam non. Quo error necessitatibus praesentium impedit illum impedit ducimus. Soluta magni aperiam molestiae occaecati rem corporis dolor praesentium.,130
32,Possimus cum dolor laborum ut ea dolorum. Voluptate sunt voluptatem ut expedita optio eius nobis. Nesciunt architecto ipsam nesciunt ullam earum. Eveniet sapiente sequi.,131
33,Voluptatem vero molestiae voluptatem adipisci aut veniam. Dolores praesentium inventore. Non dolorem non dolorum est est suscipit tempora esse. Rerum nam veniam deserunt.,132
34,Veritatis vel consectetur sunt aut dolorem sint. Fuga maiores voluptatibus soluta non. Aut inventore iure. Placeat aut ullam eaque odit sed. Esse eligendi voluptas consequatur.,133
35,Cumque et qui molestiae adipisci eaque incidunt dolorum. Quidem velit omnis consectetur optio. Aspernatur vitae ut fuga architecto provident iusto quia soluta. Sapiente tenetur illum. Ab fugiat exercitationem aliquam est deserunt temporibus ut quibusdam. Sint numquam voluptatem ex ut.,134
36,In nemo saepe sit atque quaerat. Harum sapiente molestiae molestias dolor accusantium. Fugit ex quia ipsam doloremque et vero. Quis qui perferendis nesciunt ab magnam ut recusandae minus et.,135
37,Ex ut modi. Quo accusamus repellendus qui et explicabo sunt qui nihil. Voluptas repellendus deleniti et enim unde mollitia mollitia. Deleniti odit enim temporibus. Doloremque excepturi magni odit. Assumenda sapiente amet et necessitatibus.,136
38,Dolorum aliquid laudantium nam corrupti soluta. Fugit accusantium sit ex quos beatae est. Vitae maxime et perspiciatis odit iusto et sit aut. Eveniet dicta est eius repellat.,137
39,Ut exercitationem voluptatem officiis. Blanditiis similique sit itaque similique aut qui eligendi. Eaque soluta accusantium ab laudantium qui. Iure similique quasi et optio fugit quidem eveniet aut ab. Et provident asperiores quae excepturi. Ratione vel vel consectetur.,138
40,Accusantium omnis minima doloribus nemo facere soluta. Quia officiis nesciunt. Quidem quidem laborum vero est quos illo eius cumque. Voluptatem veniam aut aut animi alias consequatur dolore.,139
41,Sapiente consequatur placeat ullam quia modi. Voluptas recusandae perferendis pariatur aliquam dicta laborum deserunt. Doloribus et qui mollitia consequatur eveniet illum consequuntur.,140
42,Aperiam libero ipsam et excepturi unde laboriosam dolores laudantium. Impedit necessitatibus corrupti ut. Deserunt nihil rerum. Dolorem voluptate quis delectus ut consequuntur et accusantium ea ipsam.,141
43,Vitae aut molestiae non. Suscipit facere praesentium aliquid vitae fugiat harum libero itaque sit. Dolor nihil debitis. Facere rem maxime et suscipit veniam dolorem beatae dolor. Voluptatum nihil autem maxime.,142
44,Eligendi provident fuga suscipit id quia earum quis consequatur atque. Rerum deserunt eveniet laboriosam aut qui nemo. Et voluptatem non est aut quia.,143
45,Optio rerum molestiae odit voluptatibus nesciunt voluptates repellat rerum. Aut error aut eos molestiae. Molestiae dolor ipsam.,144
46,Placeat vel maiores culpa accusantium voluptate. Corrupti enim cum est quia et aut et laboriosam. Magni nulla iusto dolores qui.,145
47,Officia ut saepe saepe dolores. Molestiae non laudantium quidem quidem et reiciendis est. Dignissimos blanditiis eligendi quia consectetur minima cumque cum ipsam explicabo.,146
48,Blanditiis iste quam a et iure in dolorum. Consequatur quaerat possimus rerum unde et. Consectetur fuga itaque voluptatem architecto sequi ut.,147
49,Non aut nihil dolores vel. Fuga hic tempora aperiam nesciunt labore architecto autem aliquid. Velit dicta voluptatum cupiditate sed. Nobis alias quidem et hic ut eum cupiditate qui atque.,148
50,Nemo expedita eum autem numquam. Vel nemo sint aut pariatur at non quis alias et. Omnis maxime modi ut impedit. Reprehenderit repellendus repudiandae quo expedita.,149
