id,title, description, SKU, primaryBrand, daysToShip
1,Refined Frozen Chair,Delectus totam nam aliquam iste non qui tempora. In quia minima reiciendis autem. Dolor quidem eum. Iste numquam eligendi quia sunt cum enim.,4899696,Zulauf and Sons, Ships In 2 Business Days
2,Handcrafted Soft Fish,Distinctio tempore quia ullam earum odit nesciunt quod molestiae exercitationem. Cupiditate sint quia harum quo rem sequi repudiandae.,3405675,Volkman, Schinner and Kuhlman, Ships In 8 Business Days
3,Small Concrete Pizza,Iusto suscipit qui quaerat expedita. Similique eos et et magnam omnis eveniet reiciendis ut. Corporis in odit consectetur odit. Voluptas ex aliquam. Voluptas minima quisquam voluptas labore dolorem exercitationem itaque.,623735,Blanda, Hessel and West, Ships In 4 Business Days
4,Small Cotton Chips,Tenetur distinctio blanditiis odit nihil itaque qui quae aspernatur. Molestiae dolorum esse explicabo molestiae et explicabo cumque harum. Cum unde aperiam et veniam soluta facilis nihil quia. Eum aut distinctio doloribus dolor a recusandae inventore. Dolorum voluptas rerum consectetur maiores modi et consequatur reprehenderit molestias.,6919761,Kirlin - Klocko, Ships In 0 Business Days
5,Generic Plastic Shirt,Consequatur excepturi et ad reprehenderit laudantium est et doloremque. Id eum optio minima qui et. Eum et alias odit. Ea similique tempora quo explicabo dolor mollitia quis. Rerum consequatur omnis aut laborum nisi molestias.,540790,Tremblay, Kuvalis and Mitchell, Ships In 3 Business Days
6,Licensed Rubber Sausages,Odio ut perspiciatis est labore. Accusamus omnis expedita delectus fugiat repudiandae autem nesciunt voluptatem. Dolorem non unde delectus placeat.,5593970,Doyle and Sons, Ships In 2 Business Days
7,Gorgeous Wooden Bacon,Consectetur debitis iure iste. Aliquam eius quia soluta sint et.,2934004,O'Conner - Yost, Ships In 8 Business Days
8,Practical Steel Hat,Sint provident odio fugit repellendus. Commodi maxime qui possimus est. Nesciunt repellat aut minima. Delectus rem error voluptas dolore. Voluptates consequatur illum sunt voluptas. A et aut reprehenderit ut.,2892133,Welch and Sons, Ships In 2 Business Days
9,Incredible Concrete Chips,Sint et corporis minus pariatur molestiae voluptas atque est provident. Alias amet nemo consequatur placeat.,359864,Sporer - Sauer, Ships In 5 Business Days
10,Licensed Plastic Cheese,Consequuntur nulla facilis quia possimus. Perspiciatis corporis aliquid corporis ratione officia est omnis aut. Est ratione culpa non nam. Dolor dolor molestias voluptate rerum ducimus molestiae et vel.,7490395,Greenfelder - Eichmann, Ships In 9 Business Days
11,Practical Wooden Chicken,Aut reprehenderit ex ut mollitia sunt voluptas accusantium magni. Deserunt dolores quaerat id vitae et necessitatibus at. Consectetur cupiditate eos maiores minima quis ullam. Nemo dolore et delectus adipisci aperiam nostrum et voluptas. Quam ipsa aperiam et. Accusantium vero ab a veniam enim ipsum aperiam.,2635694,Graham and Sons, Ships In 6 Business Days
12,Rustic Frozen Ball,Aut id rerum cumque laboriosam qui itaque quod. Unde officia qui omnis eligendi velit voluptate inventore molestias modi. Placeat earum harum animi.,1420941,McLaughlin and Sons, Ships In 8 Business Days
13,Small Metal Soap,Hic a veniam molestiae. Vero odit corporis voluptate occaecati id sit corporis. Velit possimus illo.,2407452,Ruecker - Reynolds, Ships In 0 Business Days
14,Handcrafted Cotton Bike,Et et sed. Ipsam dolorum quod. Non officiis suscipit veritatis. Tempora laboriosam sed ea expedita fugit. Distinctio sit quia quasi quibusdam. Et dolores dolore exercitationem.,2559000,Bernier, Anderson and Funk, Ships In 3 Business Days
15,Licensed Metal Chips,Repudiandae aut laudantium pariatur non voluptatibus possimus est nobis. Doloribus vero corporis aut eaque ipsum. Sed earum quam ut sed et. Nam eligendi nihil impedit et optio.,6188469,Little Group, Ships In 6 Business Days
16,Small Steel Ball,Pariatur possimus et sed enim velit velit rerum. Porro qui quibusdam voluptas. Perspiciatis vitae iste esse consequuntur voluptas magnam eveniet. Ipsum culpa a.,1485254,Jast, King and Rippin, Ships In 6 Business Days
17,Fantastic Granite Car,Magni similique enim beatae ab dolorem dolorem non deleniti eos. Voluptatibus nostrum vero possimus dolorum dolor nesciunt labore. Autem sit explicabo ab sed id omnis omnis. Eius soluta excepturi animi modi et. Illo architecto eaque neque fugit. Sed dolores nostrum similique autem est et voluptas sunt.,5957141,McClure - Borer, Ships In 3 Business Days
18,Generic Concrete Cheese,Laudantium commodi quod quaerat. Architecto commodi ad voluptas incidunt numquam. Quia est qui rerum. Explicabo nam quia atque fugiat quos vel enim iste. Rem quod excepturi qui voluptatem vel illum dolore.,5763775,Rodriguez, Treutel and Herzog, Ships In 5 Business Days
19,Refined Metal Chicken,Illo eaque pariatur non. Et dolorum sed et repudiandae. Corrupti et quo amet labore esse. Sit blanditiis unde vero quia labore vel et adipisci debitis. Autem voluptatibus exercitationem dignissimos ut placeat sit. Delectus nihil voluptas soluta eum quo consequatur aliquam nihil ut.,8993133,Conroy Inc, Ships In 4 Business Days
20,Ergonomic Frozen Bike,Aut pariatur et ullam odit odit aliquam. Dolor excepturi magni aut. Vitae aut deserunt beatae reiciendis nam molestiae reprehenderit sit et. Voluptatem consequuntur quidem minima ut tempore. Quam et numquam provident rerum voluptatem eveniet sapiente doloribus.,773821,Corkery - Rohan, Ships In 6 Business Days
21,Licensed Wooden Ball,Ea rerum omnis amet blanditiis qui et dolores. Voluptate consequatur error in sint quo et velit. Ut ipsum quidem enim distinctio nisi voluptas deserunt totam. Occaecati doloribus nihil nobis qui labore repellendus.,3891531,Hettinger Inc, Ships In 4 Business Days
22,Handmade Frozen Hat,Et ipsa voluptatibus sint sapiente rem adipisci aut quis. Consequuntur laborum eos cupiditate omnis.,8407513,Kling and Sons, Ships In 3 Business Days
23,Ergonomic Metal Sausages,Tempore et et. Magnam quis dolorem ut quod et numquam ex. Rem debitis magni est repellat sequi blanditiis. Porro quia non accusamus id dolore magni tempore quo laudantium. Culpa ipsa vitae rem tenetur dignissimos eligendi sint. Ipsum voluptatem perspiciatis explicabo aut ut distinctio ut.,9867478,Strosin - Towne, Ships In 1 Business Days
24,Unbranded Steel Chips,Non magnam earum eos voluptas. Dolorem nobis rerum quis et provident. Vel totam ab eligendi et.,3877238,Bergstrom - Reichert, Ships In 1 Business Days
25,Fantastic Fresh Chips,Molestiae ipsum voluptas aperiam vero id. Earum ut consequatur est deserunt dolor et et.,3222187,McGlynn Inc, Ships In 7 Business Days
26,Generic Concrete Table,Fugiat commodi consectetur libero ex repellat soluta voluptate sequi. Porro nobis vel iste omnis odio quia dolorem occaecati magnam. Perspiciatis occaecati sunt ad perspiciatis sit. Unde enim asperiores porro et repudiandae beatae tempora iure.,7356396,Stanton LLC, Ships In 1 Business Days
27,Tasty Concrete Cheese,Odio consequuntur et ipsa ipsam assumenda consequatur assumenda. Et odit laudantium quia aperiam voluptatem non cum quia ipsa. Eaque et ut eum. Est sed quae officiis eius quam perferendis at eaque reiciendis.,3491783,Pagac, Larson and Orn, Ships In 8 Business Days
28,Intelligent Metal Car,Laudantium velit repellat dolor quaerat voluptatibus eos consequatur. Ut consequatur quia dolores et architecto.,1801464,Beahan Group, Ships In 9 Business Days
29,Handcrafted Wooden Car,Eos necessitatibus est. Consequatur neque cupiditate fuga laborum officia quis natus.,5361345,Hirthe - Bailey, Ships In 2 Business Days
30,Unbranded Wooden Chicken,Voluptatibus occaecati illum nesciunt quidem. Officiis et corrupti laudantium fugiat ut incidunt sequi. Laborum accusamus ut dicta enim aliquam. Enim et cumque nemo impedit. Autem est ducimus sit inventore sint voluptas et. Quae qui quia voluptas dignissimos suscipit autem laborum.,9697991,Bins and Sons, Ships In 2 Business Days
31,Handmade Steel Hat,Eos id omnis nemo ut voluptates sit omnis. Itaque nostrum repellendus qui sit sit nihil. Ab quia repellat optio voluptas eum ex. Sint ut voluptatem. Ex quia ipsum incidunt magni ea excepturi ex autem. Vitae dolores distinctio quam qui nulla illum.,4465090,Graham, Quitzon and Casper, Ships In 2 Business Days
32,Rustic Steel Fish,Dolorem temporibus reprehenderit officia quibusdam. Autem voluptatem quod quasi.,7014811,Moore - Schumm, Ships In 6 Business Days
33,Refined Plastic Computer,Atque sequi aperiam impedit vero aut ipsam est dolores qui. Fugiat quia libero qui nemo occaecati dolore quaerat.,7270284,Smitham - Thompson, Ships In 7 Business Days
34,Rustic Steel Bacon,Itaque quas corrupti est et consequatur saepe facilis soluta sint. Sit consequatur non consectetur eveniet magni quos aliquid praesentium nemo. Sapiente nihil illum occaecati eum velit aut odit nihil quia. Dolorum rerum ratione et consequatur commodi deserunt.,8233382,Rosenbaum, Ernser and Mante, Ships In 1 Business Days
35,Ergonomic Steel Chips,Alias doloremque ut qui fugit eos quis. Eveniet qui nisi dolores consequuntur nisi et. Inventore non eveniet qui deserunt autem culpa ratione iure. Recusandae aspernatur dolorem voluptatem sed illo ut sunt provident. Vero eos exercitationem sint.,1962580,Carroll, Lynch and Pacocha, Ships In 5 Business Days
36,Generic Frozen Fish,Reiciendis qui est minima enim ut voluptatem. Atque necessitatibus molestiae. Minima maiores et minima qui adipisci quas omnis corrupti eum.,190404,Leannon LLC, Ships In 5 Business Days
37,Incredible Metal Sausages,Consectetur sit qui dolor exercitationem. Ipsum qui adipisci necessitatibus corrupti reiciendis quas facilis consequatur quae. Labore excepturi omnis quibusdam ut ipsum voluptatibus consequatur possimus illo. Temporibus omnis numquam provident maiores.,3766774,Streich - Lang, Ships In 9 Business Days
38,Handmade Plastic Sausages,Consectetur ex et sunt vel at eum. Laboriosam architecto et corporis et hic et est voluptatibus quod. Velit asperiores numquam harum asperiores accusantium qui commodi vel enim. Assumenda ea voluptatem.,7624288,Ortiz Inc, Ships In 1 Business Days
39,Refined Soft Shoes,Velit necessitatibus perferendis tempore sit vitae veniam. Aut minima eum labore voluptatem labore voluptas.,3454157,Erdman Inc, Ships In 5 Business Days
40,Unbranded Rubber Sausages,Ut tempore reprehenderit quisquam. Numquam nulla et est est numquam nulla odit. Aperiam tenetur officiis iste ut temporibus libero dolorem perspiciatis est. Dolorem nobis facilis est distinctio vitae earum quibusdam. Nam officiis vel. Qui sint reprehenderit unde et ut quia cum.,6050224,Glover - Bernier, Ships In 7 Business Days
41,Tasty Wooden Gloves,Omnis nihil molestias nihil et vero sint. Voluptatem nemo accusamus quia enim. Dolores ratione cumque ipsam reiciendis. Quia non odio dolores dolorum facere laboriosam vero eum ut. Necessitatibus quos quibusdam fugit velit perspiciatis ea at. Iste nihil aut qui autem id unde sit.,3523555,Fay - Fisher, Ships In 5 Business Days
42,Unbranded Cotton Tuna,Dolorum et sunt dignissimos consequatur. Ex repudiandae iusto unde quod aut expedita iusto. Vitae vel corrupti ratione nulla est. Aut magnam labore autem et.,4907313,Smitham Group, Ships In 7 Business Days
43,Awesome Wooden Gloves,Sit praesentium repudiandae et enim qui ipsum est. Nostrum nobis libero libero aut dolores deserunt id sint perferendis. Nostrum incidunt facere. Consequuntur vel nobis porro ea vel officia sunt optio itaque. Aut corporis sapiente temporibus nam quisquam.,1767808,Marquardt - Roob, Ships In 5 Business Days
44,Rustic Plastic Gloves,Aliquam quia id est et delectus est dolores. Qui rerum voluptatem. Autem quisquam dolorem. Quis et vel. Qui itaque laborum omnis non omnis omnis nam.,1349291,Bosco, Toy and Dare, Ships In 0 Business Days
45,Small Concrete Pants,Quia autem nam consequatur fuga sint dignissimos dolores non nihil. Rem asperiores nam sunt illo eum quia et nam. Neque fugit consequatur est dolores quia eligendi molestiae. Facilis nulla voluptate iste est enim qui veritatis reiciendis qui. Fuga tenetur numquam quo minima et laboriosam corporis. Aperiam omnis minima sit aliquid fugiat.,9769172,Koelpin Inc, Ships In 1 Business Days
46,Unbranded Fresh Shoes,Odio corporis minima ut sapiente commodi a dicta nihil et. Magni non velit est dolor sint asperiores incidunt magnam cumque.,1390266,Jakubowski Inc, Ships In 2 Business Days
47,Rustic Fresh Towels,Ut id magni id nihil quo. Quas qui ut accusamus consectetur. Corporis ut assumenda nesciunt. Neque suscipit iure culpa soluta omnis cupiditate suscipit. Temporibus vel culpa aliquam voluptatibus unde debitis tempora officia.,2600146,Rutherford - Hilpert, Ships In 4 Business Days
48,Rustic Fresh Bacon,At quam quod ut eligendi. Error aliquid quis sapiente. Eum qui ea occaecati at porro.,6552010,Harris - Lesch, Ships In 2 Business Days
49,Small Metal Salad,Occaecati et pariatur dolor eveniet dignissimos consectetur molestiae. Iste nesciunt in tempore illo omnis voluptas nihil. Dolorem quia ipsam voluptatem molestiae tempora. Pariatur exercitationem magnam reiciendis adipisci dicta nulla dignissimos est aliquam. Sint quia quo veritatis voluptatum.,5929911,Ruecker and Sons, Ships In 8 Business Days
50,Gorgeous Frozen Shoes,Vitae ea officia. Necessitatibus est omnis amet eligendi qui dignissimos et omnis voluptate. Odit voluptates esse deleniti eius odio animi sit. Dolores sapiente voluptas et illum non in possimus saepe praesentium.,914921,Effertz, Beatty and Langworth, Ships In 6 Business Days
